<?xml version="1.0" encoding="UTF-8"?>
<!DOCTYPE hibernate-configuration SYSTEM "http://www.hibernate.org/dtd/hibernate-configuration-3.0.dtd">
<hibernate-configuration>
	<session-factory>
		<!-- Database connection settings -->
		<property name="hibernate.connection.driver_class">
			oracle.jdbc.OracleDriver</property>
		<property name="hibernate.connection.url">
			jdbc:oracle:thin:@localhost:1521:xe</property>
		<property name="hibernate.connection.username">hr</property>
		<property name="hibernate.connection.password">HR</property>

		<!-- JDBC connection pool settings -->
		<property name="hibernate.c3p0.min_size">5</property>
		<property name="hibernate.c3p0.max_size">20</property>
		<property name="hibernate.c3p0.timeout">300</property>
		<property name="hibernate.c3p0.max_statements">50</property>
		<property name="hibernate.c3p0.idle_test_period">3000</property>

		<!-- SQL dialect -->
		<property name="hibernate.dialect">
			org.hibernate.dialect.Oracle12cDialect</property>

		<!-- Echo all executed SQL to stdout -->
		<property name="hibernate.show_sql">true</property>

		<!-- Drop and re-create the database schema on startup -->
		<property name="hibernate.hbm2ddl.auto">create</property>

		<!-- Entities -->
		<mapping class="com.ezpay.model.Transaction" />
		<mapping class="com.ezpay.model.Notification" />
	</session-factory>
</hibernate-configuration>
